"ID","Work Item Type","Title 1","Title 2","Title 3","Description","Acceptance Criteria","Story Points","Iteration Path","Area Path","Tags"
"","Epic","E01: Platform and DevOps Foundation","","","<p>Solution skeleton, GitHub repo/Projects/Actions CI/CD, MonsterASP hosting setup, logging and error handling so every later feature ships through the same automated path.</p>","","","MSI-ProdTrack","MSI-ProdTrack","epic"
"","Feature","","F01.1: GitHub repository, Projects board and CI","","<p>Feature of epic E01.</p>","","","MSI-ProdTrack","MSI-ProdTrack","feature"
"","User Story","","","PT-001: Set up GitHub repository, Projects board and backlog issues","<p><b>PT-001</b> - As a <b>developer</b>, I want a private GitHub repo deo-bernal/msi-prodtrack, a GitHub Projects board, and the backlog imported as issues with labels and sprint milestones, so that work is tracked and every change is linked to a story.</p><p>Notes: Follow docs/11-github-setup.md sections 1-4. Azure DevOps Boards import (backlog.csv) is the Phase 2 path in docs/04.</p><p>Source: docs/05-backlog.md</p>","<p><b>Scenario: Repo exists</b><br/>Given I have a GitHub account deo-bernal<br/>When I create the private repo msi-prodtrack from the repo-scaffold files<br/>Then main is the default branch, squash merge only, auto-delete head branches on, and the PR template and CODEOWNERS are in place</p><p><b>Scenario: Backlog imported</b><br/>Given gh is authenticated and the repo exists<br/>When I run scripts/create-github-issues.sh (dry run first)<br/>Then labels, milestones Sprint 0 to Sprint 8 and Phase 2, and one issue per PT story exist, re-running creates no duplicates, and the issues are on the Projects board with a Points field</p><p><b>Scenario: Board views</b><br/>Given the Projects board<br/>When I open it<br/>Then a Board view by Status (Todo, In progress, In review, Done) and a Table view grouped by milestone show the sprint scope and points</p>","3","MSI-ProdTrack\Sprint 0","MSI-ProdTrack","devops;setup;github;sprint-0;mvp"
"","User Story","","","PT-002: CI workflow: build, test and code coverage on every PR","<p><b>PT-002</b> - As a <b>developer</b>, I want a GitHub Actions workflow (.github/workflows/ci.yml on ubuntu-latest) that restores, checks formatting, builds, runs unit and integration tests and publishes results and coverage, so that broken code never reaches main.</p><p>Notes: Ready-to-commit file in repo-scaffold/.github/workflows/ci.yml; details in docs/11 section 6. Coverage gate starts as warning only.</p><p>Source: docs/05-backlog.md</p>","<p><b>Scenario: PR validation</b><br/>Given a pull request targets main<br/>When the ci workflow runs<br/>Then build, unit tests, integration tests (SQL Server service container) and the coverage summary appear on the run and the PR shows a failing check if any step fails</p><p><b>Scenario: Artifact</b><br/>Given a push to main passes CI<br/>When the run finishes<br/>Then an artifact prodtrack-drop with the win-x86 publish folder and the idempotent migrations.sql is available for the deploy workflow</p><p><b>Scenario: Minutes budget</b><br/>Given the repo is private on GitHub Free<br/>When I check Settings &gt; Billing after a sprint<br/>Then Actions usage stays well under the 2,000 included minutes (concurrency cancels superseded runs, caching of NuGet packages)</p>","5","MSI-ProdTrack\Sprint 0","MSI-ProdTrack","devops;ci;testing;github;sprint-0;mvp"
"","Feature","","F01.2: Solution skeleton and cross-cutting concerns","","<p>Feature of epic E01.</p>","","","MSI-ProdTrack","MSI-ProdTrack","feature"
"","User Story","","","PT-003: Create clean-architecture solution skeleton","<p><b>PT-003</b> - As a <b>developer</b>, I want the ProdTrack solution with Domain, Application, Infrastructure, Contracts, ApiClient, UI.Shared, Server (API + SignalR + Blazor UI host, InProcess hosting for IIS) and ShopFloor (Blazor WebAssembly PWA) projects, test projects, and a docker-compose.yml for local SQL Server, so that all later stories have a consistent place to live.</p><p>Notes: Structure is defined in docs/02-technical-design.md section 4. Cloud adapter projects (Infrastructure.Azure / .Gcp) are not created in the MVP; add them only if an alternative target is activated.</p><p>Source: docs/05-backlog.md</p>","<p><b>Scenario: Solution builds</b><br/>Given a fresh clone<br/>When I run dotnet build and dotnet test<br/>Then both succeed with zero warnings treated as errors in src projects</p><p><b>Scenario: Health endpoint</b><br/>Given the Server is running locally<br/>When I call GET /health/ready<br/>Then I get 200 with status Healthy including a database check, and GET /health/live returns 200 without touching the database</p><p><b>Scenario: Dependency rule enforced</b><br/>Given the solution<br/>When an architecture test runs<br/>Then it fails if Domain or Application reference Infrastructure, Server or any UI project</p>","5","MSI-ProdTrack\Sprint 0","MSI-ProdTrack","architecture;setup;sprint-0;mvp"
"","User Story","","","PT-004: Structured logging (Serilog rolling file + console, OpenTelemetry-ready)","<p><b>PT-004</b> - As a <b>support engineer</b>, I want structured logs with a correlation ID for every request written to rolling log files in the app data folder (and to the console locally), so that I can trace a problem on the MonsterASP site without a cloud logging service.</p><p>Notes: Application code only uses ILogger, ActivitySource and Meter. Log files can be downloaded via FTP or the control panel for diagnosis.</p><p>Source: docs/05-backlog.md</p>","<p><b>Scenario: Correlation</b><br/>Given a request enters the Server<br/>When it is processed<br/>Then every log line for that request carries the same correlation ID and it is returned in the X-Correlation-Id response header</p><p><b>Scenario: Rolling files within limits</b><br/>Given the app runs on MonsterASP<br/>When it logs for several days<br/>Then logs are written as compact JSON to App_Data/logs with daily rolling, 10 MB per file and at most 14 files, so disk use stays small</p><p><b>Scenario: Exporter by configuration</b><br/>Given Telemetry:Exporter is None, Console or Otlp<br/>When the app starts<br/>Then only the configured sinks/exporters are active; OpenTelemetry export is off by default to save memory</p>","3","MSI-ProdTrack\Sprint 0","MSI-ProdTrack","observability;sprint-0;mvp"
"","User Story","","","PT-005: Global error handling with ProblemDetails","<p><b>PT-005</b> - As an <b>API consumer</b>, I want consistent RFC 9457 ProblemDetails error responses, so that clients can show meaningful messages.</p><p>Source: docs/05-backlog.md</p>","<p><b>Scenario: Validation error</b><br/>Given a request with invalid data<br/>When the API validates it<br/>Then it returns 400 with a ProblemDetails body listing field errors</p><p><b>Scenario: Unhandled error</b><br/>Given an unexpected exception occurs<br/>When the request fails<br/>Then the API returns 500 ProblemDetails with a traceId and no stack trace outside Development</p>","2","MSI-ProdTrack\Sprint 0","MSI-ProdTrack","api;error-handling;sprint-0;mvp"
"","Feature","","F01.3: Infrastructure as code and continuous delivery","","<p>Feature of epic E01.</p>","","","MSI-ProdTrack","MSI-ProdTrack","feature"
"","User Story","","","PT-006: Local environment and MonsterASP-ready publish configuration","<p><b>PT-006</b> - As a <b>developer</b>, I want a documented local setup (SQL Server LocalDB/Express or Docker) and a publish configuration for MonsterASP (framework-dependent, win-x86, InProcess, web.config, App_Data folders excluded from deployment), so that the same build runs on my PC and on the free hosting.</p><p>Notes: Self-contained deployment is optional and unverified on MonsterASP; framework-dependent is the documented route.</p><p>Source: docs/05-backlog.md</p>","<p><b>Scenario: Local run</b><br/>Given a fresh clone on my PC<br/>When I follow docs/08 section 2<br/>Then the app runs with SQL Server LocalDB or the Docker SQL Server container and Auth:Mode=Dev</p><p><b>Scenario: Publish output</b><br/>Given I run dotnet publish -c Release -r win-x86 --self-contained false<br/>When the output is produced<br/>Then it contains web.config with hostingModel inprocess, no appsettings.Production.json secrets, and the App_Data folders are created at runtime, not deployed</p><p><b>Scenario: Lean memory</b><br/>Given the app runs locally in Release<br/>When I check the working set after startup and a few requests<br/>Then it stays well below the 256 MB limit of the free plan (target &lt; 180 MB), with Server GC settings from docs/02 section 14</p>","3","MSI-ProdTrack\Sprint 0","MSI-ProdTrack","devops;hosting;monsterasp;sprint-0;mvp"
"","User Story","","","PT-055: MonsterASP account, site and database setup","<p><b>PT-055</b> - As a <b>product owner</b>, I want a free MonsterASP account with one site (planned msi-prodtrack.runasp.net), one MSSQL database, HTTPS enabled and remote database access enabled, so that the app has a zero-cost hosted environment.</p><p>Notes: Free plan: learning/testing only, no SLA, no backups, sleeps after 30 minutes idle, EU servers. See docs/03 section 3.</p><p>Source: docs/05-backlog.md</p>","<p><b>Scenario: Account and site</b><br/>Given I sign up for the free plan without a credit card<br/>When I create the website<br/>Then the site responds at https://&lt;name&gt;.runasp.net (planned msi-prodtrack; alternative name recorded if taken) with a Let&#x27;s Encrypt certificate</p><p><b>Scenario: Database</b><br/>Given the site exists<br/>When I create the MSSQL database and enable remote access under Databases &gt; Users and remote<br/>Then I can connect from my PC with SSMS/sqlcmd and the connection string is stored only as the GitHub Actions secret PROD_DB_CONNECTION and in the server-only appsettings.Production.json</p><p><b>Scenario: Credentials stored safely</b><br/>Given FTP and Web Deploy credentials are shown in the control panel<br/>When I finish setup<br/>Then they are stored as GitHub Actions secrets (MONSTERASP_WEBDEPLOY_PASSWORD, MONSTERASP_FTP_*, PROD_DB_CONNECTION) and in my password manager, nowhere in the repo</p>","2","MSI-ProdTrack\Sprint 0","MSI-ProdTrack","hosting;monsterasp;setup;sprint-0;mvp"
"","User Story","","","PT-059: Repository guardrails on GitHub Free (secrets, deploy gate, Dependabot)","<p><b>PT-059</b> - As a <b>developer</b>, I want GitHub Actions secrets and variables, a production environment, a manual deploy gate, Dependabot and documented merge rules that work on a private GitHub Free repo, so that deployments are deliberate and secrets stay safe without paid features.</p><p>Notes: Plan limits verified on GitHub Docs 2026-09-26: required reviewers, environment secrets and protected branches/rulesets are available on private repos only with paid plans. Replaces the previous PT-059 (self-hosted Azure Pipelines agent), now part of the Phase 2 Azure DevOps migration PT-073.</p><p>Source: docs/05-backlog.md</p>","<p><b>Scenario: Secrets</b><br/>Given the MonsterASP values from PT-055<br/>When I add them under Settings &gt; Secrets and variables &gt; Actions<br/>Then they are repository secrets/variables with the names in docs/11 section 5 and are never printed in logs</p><p><b>Scenario: Deploy gate</b><br/>Given the repo is private on GitHub Free (no required reviewers, environment secrets or branch protection)<br/>When code is merged to main<br/>Then nothing deploys until I run the deploy workflow manually (workflow_dispatch) on main; the run is recorded on the production environment</p><p><b>Scenario: Stronger gates when available</b><br/>Given the repo is made public, or GitHub Pro is available<br/>When I follow docs/11 section 7.2<br/>Then a ruleset requires PRs and the ci check on main, the production environment requires my approval, and AUTO_DEPLOY=true lets merges deploy after approval</p><p><b>Scenario: Dependencies</b><br/>Given Dependabot version updates are configured for nuget and github-actions<br/>When a new package version exists<br/>Then a weekly PR is opened</p>","3","MSI-ProdTrack\Sprint 0","MSI-ProdTrack","devops;security;github;sprint-0;mvp"
"","User Story","","","PT-007: Deploy workflow to MonsterASP (Web Deploy from windows-latest) with EF Core migrations","<p><b>PT-007</b> - As a <b>developer</b>, I want a deploy workflow that takes the CI artifact of a main commit, applies the idempotent migration script to the MonsterASP database and syncs the site with Web Deploy (msdeploy) from a windows-latest runner, the method MonsterASP documents for GitHub Actions, so that every release reaches the hosted site the same repeatable way.</p><p>Notes: Ready-to-commit file repo-scaffold/.github/workflows/deploy.yml; docs/11 section 6. Windows minutes may count double against the free quota, so the build runs on ubuntu and only the short deploy job on Windows. FTP alternative is PT-008.</p><p>Source: docs/05-backlog.md</p>","<p><b>Scenario: Deploy</b><br/>Given CI passed on main and I run the deploy workflow (or AUTO_DEPLOY is on and the production approval is given)<br/>When the deploy-webdeploy job runs<br/>Then it applies migrations with PROD_DB_CONNECTION, then runs msdeploy with -enableRule:AppOffline, skipping App_Data, logs and appsettings.Production.json</p><p><b>Scenario: Smoke check</b><br/>Given deployment finished<br/>When the workflow calls https://&lt;name&gt;.runasp.net/health/ready with retries (the site may be waking up)<br/>Then the job fails if it is not Healthy within about 3 minutes</p><p><b>Scenario: No secrets leaked</b><br/>Given the workflow runs<br/>When I read the logs<br/>Then the Web Deploy password and connection string are masked and never echoed</p>","5","MSI-ProdTrack\Sprint 1","MSI-ProdTrack","devops;cd;monsterasp;github;sprint-1;mvp"
"","User Story","","","PT-008: FTP deploy alternative (ubuntu + lftp + app_offline.htm) and rollback rehearsal","<p><b>PT-008</b> - As a <b>developer</b>, I want an alternative deploy job that uploads app_offline.htm, mirrors the publish folder with lftp from ubuntu-latest and removes app_offline.htm, plus a rehearsed rollback, so that I have a fallback if Web Deploy fails and can recover quickly from a bad release.</p><p>Source: docs/05-backlog.md</p>","<p><b>Scenario: FTP deploy</b><br/>Given repository variable DEPLOY_METHOD=ftp and the MONSTERASP_FTP_* secrets<br/>When I run the deploy workflow<br/>Then the deploy-ftp job runs instead of deploy-webdeploy, the site is offline only during the upload, and App_Data, logs and appsettings.Production.json are untouched</p><p><b>Scenario: Rollback</b><br/>Given a bad release is live<br/>When I run the deploy workflow with the run ID of the previous good CI run<br/>Then the previous build is live again within 10 minutes; migrations are forward-only (expand/contract)</p><p><b>Scenario: One deploy at a time</b><br/>Given two deploy runs are started<br/>When they overlap<br/>Then the concurrency group queues the second run</p>","3","MSI-ProdTrack\Sprint 6","MSI-ProdTrack","devops;cd;monsterasp;github;sprint-6;mvp"
"","User Story","","","PT-067: Ops runbook: HTTPS renewal, database backup export and account activity","<p><b>PT-067</b> - As a <b>product owner</b>, I want a runbook and reminders for the manual 90-day Let&#x27;s Encrypt renewal, a weekly database backup export, and regular control-panel logins, so that the free site keeps working and I don&#x27;t lose data (the free plan has no backups and may delete inactive accounts).</p><p>Notes: Replaces the previous PT-067 (custom domain dev-prodtrack), deferred with the custom domain.</p><p>Source: docs/05-backlog.md</p>","<p><b>Scenario: Certificate expiry check</b><br/>Given the scheduled GitHub Actions workflow ops.yml runs weekly (Monday 09:00 PHT)<br/>When the site certificate expires in less than 21 days<br/>Then the run fails with a clear message and I renew it in the control panel following docs/08 section 6</p><p><b>Scenario: Backup export</b><br/>Given remote database access is enabled<br/>When the weekly ops run executes sqlpackage /Action:Export (or I run it manually)<br/>Then a .bacpac encrypted with BACKUP_PASSPHRASE is stored as a workflow artifact (retention 28 days, within the 500 MB free storage) and I download a copy to my PC monthly</p><p><b>Scenario: Reminder</b><br/>Given the certificate was renewed<br/>When I update the runbook log<br/>Then a calendar reminder and a GitHub issue (milestone of the sprint due) exist for the next renewal in about 80 days</p>","2","MSI-ProdTrack\Sprint 2","MSI-ProdTrack","ops;monsterasp;runbook;sprint-2;mvp"
"","Epic","E02: Identity and Access","","","<p>ASP.NET Core Identity sign-in with roles (optional Google sign-in) and authorization policies for all clients; Microsoft Entra ID is a later alternative.</p>","","","MSI-ProdTrack","MSI-ProdTrack","epic"
"","Feature","","F02.1: Authentication and authorization","","<p>Feature of epic E02.</p>","","","MSI-ProdTrack","MSI-ProdTrack","feature"
"","User Story","","","PT-009: Sign in to the web app with ASP.NET Core Identity","<p><b>PT-009</b> - As a <b>plant employee</b>, I want to sign in with the account an admin created for me, so that only known users can use the system.</p><p>Notes: No self-registration. Microsoft Entra ID is PT-069 (Phase 2, needs a tenant); Google sign-in is PT-068.</p><p>Source: docs/05-backlog.md</p>","<p><b>Scenario: Sign in</b><br/>Given I have an active account<br/>When I enter my email and password<br/>Then I am signed in and land on the page for my role</p><p><b>Scenario: Lockout</b><br/>Given I enter a wrong password 5 times<br/>When I try again<br/>Then the account is locked for 15 minutes and the attempt is logged</p><p><b>Scenario: Bootstrap admin</b><br/>Given an empty database and Auth:BootstrapAdmin:Email set<br/>When the app starts for the first time<br/>Then that admin account is created with the password from server-only configuration (appsettings.Production.json on the host / user-secrets locally) and must change it at first sign-in</p><p><b>Scenario: Local dev mode</b><br/>Given the app runs in Development with Auth:Mode=Dev<br/>When I open the app<br/>Then I can pick a test user and role; the app refuses to start with Auth:Mode=Dev in any other environment</p>","3","MSI-ProdTrack\Sprint 1","MSI-ProdTrack","security;auth;identity;sprint-1;mvp"
"","User Story","","","PT-010: Role-based authorization policies","<p><b>PT-010</b> - As an <b>admin</b>, I want features restricted by role (Admin, Planner, Supervisor, Operator, QC, Viewer), so that people only do what their job requires.</p><p>Source: docs/05-backlog.md</p>","<p><b>Scenario: Forbidden</b><br/>Given I am a Viewer<br/>When I call POST /api/v1/work-orders<br/>Then I receive 403</p><p><b>Scenario: UI hides actions</b><br/>Given I am an Operator<br/>When I open the web app navigation<br/>Then I do not see Admin or Planning menus</p><p><b>Scenario: Role matrix tested</b><br/>Given the policy definitions<br/>When the authorization tests run<br/>Then each endpoint is verified against the role matrix in docs/02-technical-design.md</p>","3","MSI-ProdTrack\Sprint 1","MSI-ProdTrack","security;auth;sprint-1;mvp"
"","User Story","","","PT-011: Sign in on the shop-floor PWA","<p><b>PT-011</b> - As an <b>operator</b>, I want to sign in on the tablet PWA with my account, so that my actions are recorded under my name.</p><p>Notes: Shared-tablet badge login is Phase 2 (PT-060).</p><p>Source: docs/05-backlog.md</p>","<p><b>Scenario: PWA sign-in</b><br/>Given a tablet with the PWA installed<br/>When I tap Sign in<br/>Then I sign in through the Server&#x27;s Identity pages (same-origin cookie session, BFF style, no tokens in the browser) and my name and role appear in the header</p><p><b>Scenario: Session</b><br/>Given I have been signed in during a shift<br/>When the session approaches expiry<br/>Then it is renewed by activity (sliding, 12 h max) and when it expires I am sent to sign-in with a clear message without losing an unsaved scan</p>","2","MSI-ProdTrack\Sprint 3","MSI-ProdTrack","security;auth;shopfloor;sprint-3;mvp"
"","Feature","","F02.2: User profiles","","<p>Feature of epic E02.</p>","","","MSI-ProdTrack","MSI-ProdTrack","feature"
"","User Story","","","PT-012: User administration and profiles (employee number, badge, roles)","<p><b>PT-012</b> - As an <b>admin</b>, I want to create users, assign roles, reset passwords, deactivate users and set employee number, badge code and home station, so that access is controlled and operators can be identified by badge scans.</p><p>Notes: Roles are Identity roles. With Google sign-in (PT-068) a Google account can only be linked to a user created here.</p><p>Source: docs/05-backlog.md</p>","<p><b>Scenario: Create user</b><br/>Given I am an Admin<br/>When I create a user with email, name, role Operator and a temporary password<br/>Then the user exists, must change the password at first sign-in, and the change is audited</p><p><b>Scenario: Deactivate</b><br/>Given a user leaves<br/>When I deactivate the account<br/>Then the user can no longer sign in and existing sessions end within 30 minutes (security stamp)</p><p><b>Scenario: Edit profile</b><br/>Given I am an Admin<br/>When I set employee number and badge code for a user<br/>Then the values are saved, badge code is unique and the change is audited</p>","5","MSI-ProdTrack\Sprint 3","MSI-ProdTrack","admin;users;identity;sprint-3;mvp"
"","Epic","E03: Master Data","","","<p>Stations, products and specifications, routings, reason codes and reference standards.</p>","","","MSI-ProdTrack","MSI-ProdTrack","epic"
"","Feature","","F03.1: Stations and routings","","<p>Feature of epic E03.</p>","","","MSI-ProdTrack","MSI-ProdTrack","feature"
"","User Story","","","PT-013: Manage production stations","<p><b>PT-013</b> - As an <b>admin</b>, I want to create, edit and deactivate stations (code, name, type, work center), so that work can be routed to real equipment areas.</p><p>Notes: Seed stations: PREPRESS, PRINT-01, LAM-01, ENGRAVE-01, DIECUT-01, QC-01, PACK-01.</p><p>Source: docs/05-backlog.md</p>","<p><b>Scenario: Create station</b><br/>Given I am an Admin<br/>When I create station PRINT-01 of type Printing<br/>Then it appears in the station list and can be used in routings</p><p><b>Scenario: Unique code</b><br/>Given station PRINT-01 exists<br/>When I create another station with code PRINT-01<br/>Then I see a validation error</p><p><b>Scenario: Deactivate</b><br/>Given a station has open operations<br/>When I deactivate it<br/>Then I am warned and it is hidden from new routings but open work is unaffected</p>","3","MSI-ProdTrack\Sprint 1","MSI-ProdTrack","master-data;sprint-1;mvp"
"","User Story","","","PT-014: Manage routing templates","<p><b>PT-014</b> - As a <b>planner</b>, I want to define an ordered list of stations with standard minutes per unit and setup minutes for each product type, so that work orders get the right steps automatically.</p><p>Source: docs/05-backlog.md</p>","<p><b>Scenario: Define routing</b><br/>Given product type Pipe Marker<br/>When I add steps 10 Prepress, 20 Printing, 30 Laminating, 40 Die-cutting, 50 QC, 60 Packing<br/>Then the routing is saved as version 1</p><p><b>Scenario: Versioning</b><br/>Given routing version 1 is used by released work orders<br/>When I edit the routing<br/>Then a new version is created and existing work orders keep version 1</p>","5","MSI-ProdTrack\Sprint 2","MSI-ProdTrack","master-data;routing;sprint-2;mvp"
"","Feature","","F03.2: Products and specifications","","<p>Feature of epic E03.</p>","","","MSI-ProdTrack","MSI-ProdTrack","feature"
"","User Story","","","PT-015: Manage product catalog with specifications","<p><b>PT-015</b> - As a <b>planner</b>, I want a catalog of products (pipe markers, valve tags, safety signs, labels) with default specs, so that orders are entered quickly and consistently.</p><p>Source: docs/05-backlog.md</p>","<p><b>Scenario: Create product</b><br/>Given I am a Planner<br/>When I create a Pipe Marker product with material, size, color scheme, standard and mounting<br/>Then it is saved with a unique SKU</p><p><b>Scenario: Type-specific fields</b><br/>Given product type Valve Tag<br/>When I open the form<br/>Then I see tag shape, diameter, material thickness and hole size instead of pipe OD</p>","5","MSI-ProdTrack\Sprint 1","MSI-ProdTrack","master-data;product;sprint-1;mvp"
"","User Story","","","PT-016: Seed reference data for ASME A13.1 and ANSI Z535","<p><b>PT-016</b> - As a <b>planner</b>, I want reference lists for pipe-marker color schemes and safety-sign signal words, so that specs use standard values instead of free text.</p><p>Notes: Values must be checked against the current editions of the standards before real use; see glossary in docs/01.</p><p>Source: docs/05-backlog.md</p>","<p><b>Scenario: Pipe marker schemes</b><br/>Given a new database<br/>When seed data runs<br/>Then color schemes such as Flammable (black on yellow) and Fire quenching (white on red) exist and are editable by Admin</p><p><b>Scenario: Signal words</b><br/>Given a new database<br/>When seed data runs<br/>Then DANGER, WARNING, CAUTION, NOTICE and SAFETY INSTRUCTIONS exist with their header colors</p>","2","MSI-ProdTrack\Sprint 1","MSI-ProdTrack","master-data;reference-data;sprint-1;mvp"
"","Feature","","F03.3: Reason codes","","<p>Feature of epic E03.</p>","","","MSI-ProdTrack","MSI-ProdTrack","feature"
"","User Story","","","PT-017: Manage scrap, pause and downtime reason codes","<p><b>PT-017</b> - As an <b>admin</b>, I want configurable reason code lists by category, so that operators pick a reason instead of typing.</p><p>Source: docs/05-backlog.md</p>","<p><b>Scenario: Create reason</b><br/>Given I am an Admin<br/>When I add scrap reason MISPRINT in category Scrap<br/>Then operators can select it when logging scrap</p><p><b>Scenario: Deactivate</b><br/>Given a reason code has history<br/>When I deactivate it<br/>Then it is not offered for new entries but history still shows it</p>","2","MSI-ProdTrack\Sprint 1","MSI-ProdTrack","master-data;quality;sprint-1;mvp"
"","Epic","E04: Orders and Work Orders","","","<p>Turn customer orders into released, routed work orders with approved artwork.</p>","","","MSI-ProdTrack","MSI-ProdTrack","epic"
"","Feature","","F04.1: Sales orders","","<p>Feature of epic E04.</p>","","","MSI-ProdTrack","MSI-ProdTrack","feature"
"","User Story","","","PT-018: Enter a customer sales order with lines","<p><b>PT-018</b> - As a <b>planner</b>, I want to enter a sales order with customer, PO number, due date and lines (product, specs, legend text, quantity), so that production knows exactly what to make.</p><p>Source: docs/05-backlog.md</p>","<p><b>Scenario: Create order</b><br/>Given I am a Planner<br/>When I enter an order with two lines and save<br/>Then the order gets number SO-yyyy-nnnnn and status Open</p><p><b>Scenario: Legend required</b><br/>Given a pipe marker line<br/>When I save without legend text<br/>Then I see a validation error</p><p><b>Scenario: Spec override</b><br/>Given a line based on a catalog product<br/>When I change the color scheme on the line<br/>Then only that line&#x27;s spec changes, not the catalog product</p>","5","MSI-ProdTrack\Sprint 2","MSI-ProdTrack","orders;sprint-2;mvp"
"","Feature","","F04.2: Work orders","","<p>Feature of epic E04.</p>","","","MSI-ProdTrack","MSI-ProdTrack","feature"
"","User Story","","","PT-019: Generate work orders from sales order lines","<p><b>PT-019</b> - As a <b>planner</b>, I want to create one work order per sales order line, so that each line is tracked through production.</p><p>Source: docs/05-backlog.md</p>","<p><b>Scenario: Generate</b><br/>Given an Open sales order with 3 lines<br/>When I click Create work orders<br/>Then 3 work orders in Draft status are created with number WO-yyyy-nnnnnn, copied specs, quantity and due date</p><p><b>Scenario: No duplicates</b><br/>Given a line already has a work order<br/>When I click Create work orders again<br/>Then no duplicate is created and I am told which lines were skipped</p>","5","MSI-ProdTrack\Sprint 2","MSI-ProdTrack","work-orders;sprint-2;mvp"
"","User Story","","","PT-020: Release a work order to the floor","<p><b>PT-020</b> - As a <b>planner</b>, I want to release a Draft work order, so that operations are created from the routing and appear in station queues.</p><p>Source: docs/05-backlog.md</p>","<p><b>Scenario: Release</b><br/>Given a Draft work order whose artwork is approved<br/>When I release it<br/>Then status becomes Released and one operation per routing step is created with status Pending, the first one Ready</p><p><b>Scenario: Artwork gate</b><br/>Given a work order whose product requires artwork and the proof is not approved<br/>When I try to release it<br/>Then release is blocked with message Artwork not approved</p>","3","MSI-ProdTrack\Sprint 2","MSI-ProdTrack","work-orders;routing;sprint-2;mvp"
"","User Story","","","PT-021: Planner work order list with filters","<p><b>PT-021</b> - As a <b>planner</b>, I want to search and filter work orders by status, customer, due date and station, so that I can manage the schedule.</p><p>Source: docs/05-backlog.md</p>","<p><b>Scenario: Filter</b><br/>Given 200 work orders exist<br/>When I filter Status = Released and Due before Friday<br/>Then only matching rows show, paged 25 per page, sorted by due date</p><p><b>Scenario: Late flag</b><br/>Given a work order is past due and not completed<br/>When I view the list<br/>Then the row is marked Late</p>","3","MSI-ProdTrack\Sprint 3","MSI-ProdTrack","work-orders;ui;sprint-3;mvp"
"","User Story","","","PT-022: Hold, resume and cancel a work order","<p><b>PT-022</b> - As a <b>supervisor</b>, I want to put a work order on hold with a reason, resume it, or cancel it, so that problems stop work until resolved.</p><p>Source: docs/05-backlog.md</p>","<p><b>Scenario: Hold</b><br/>Given a Released or In Progress work order<br/>When I put it on hold with reason Customer change<br/>Then status is On Hold and operators cannot start its operations</p><p><b>Scenario: Cancel</b><br/>Given a work order with no completed operations<br/>When I cancel it with a reason<br/>Then status is Cancelled and it leaves all queues</p><p><b>Scenario: Audit</b><br/>Given any of these actions<br/>When it succeeds<br/>Then an audit entry records who, when, old and new status and the reason</p>","3","MSI-ProdTrack\Sprint 4","MSI-ProdTrack","work-orders;sprint-4;mvp"
"","Feature","","F04.3: Artwork proofing","","<p>Feature of epic E04.</p>","","","MSI-ProdTrack","MSI-ProdTrack","feature"
"","User Story","","","PT-023: Upload artwork proof","<p><b>PT-023</b> - As a <b>prepress operator</b>, I want to upload a PDF or image proof to a work order, so that the customer-approved design is stored with the job.</p><p>Source: docs/05-backlog.md</p>","<p><b>Scenario: Upload</b><br/>Given a Draft work order<br/>When I upload proof.pdf (max 20 MB)<br/>Then it is stored through IFileStorage (local disk under App_Data/files on MonsterASP and locally; cloud providers only on the optional alternatives) as version 1 with status Pending approval</p><p><b>Scenario: Wrong type</b><br/>Given I choose a .exe file<br/>When I upload<br/>Then the upload is rejected; only PDF, PNG, JPG, SVG are allowed</p>","3","MSI-ProdTrack\Sprint 2","MSI-ProdTrack","artwork;storage;sprint-2;mvp"
"","User Story","","","PT-024: Approve or reject artwork proof","<p><b>PT-024</b> - As a <b>planner</b>, I want to record approval or rejection (for example after customer sign-off), so that only approved artwork is produced.</p><p>Source: docs/05-backlog.md</p>","<p><b>Scenario: Approve</b><br/>Given a Pending proof<br/>When I approve it with a note<br/>Then status is Approved with my name and time and the work order can be released</p><p><b>Scenario: Reject</b><br/>Given a Pending proof<br/>When I reject it with a reason<br/>Then status is Rejected and a new version must be uploaded</p>","3","MSI-ProdTrack\Sprint 2","MSI-ProdTrack","artwork;sprint-2;mvp"
"","Epic","E05: Job Traveler","","","<p>Printable paperwork that travels with the job and carries scannable QR codes.</p>","","","MSI-ProdTrack","MSI-ProdTrack","epic"
"","Feature","","F05.1: Traveler generation","","<p>Feature of epic E05.</p>","","","MSI-ProdTrack","MSI-ProdTrack","feature"
"","User Story","","","PT-025: Generate printable job traveler PDF with QR codes","<p><b>PT-025</b> - As a <b>planner</b>, I want a one-page A4/Letter traveler with work order details, specs, legend, routing steps and QR codes, so that operators scan it instead of typing.</p><p>Notes: QR payload format is defined in docs/02-technical-design.md section 9.</p><p>Source: docs/05-backlog.md</p>","<p><b>Scenario: Generate</b><br/>Given a Released work order<br/>When I click Print traveler<br/>Then a PDF opens showing header QR (work order), one QR per operation, specs, legend text and due date</p><p><b>Scenario: Scannable</b><br/>Given the printed traveler<br/>When a scanner reads the header QR<br/>Then the value is WO:WO-yyyy-nnnnnn and per-operation codes are OP:WO-yyyy-nnnnnn:seq</p>","5","MSI-ProdTrack\Sprint 3","MSI-ProdTrack","traveler;pdf;sprint-3;mvp"
"","User Story","","","PT-026: Reprint traveler with audit","<p><b>PT-026</b> - As a <b>supervisor</b>, I want to reprint a lost or damaged traveler, so that work can continue, and reprints are traceable.</p><p>Source: docs/05-backlog.md</p>","<p><b>Scenario: Reprint</b><br/>Given a traveler was printed before<br/>When I reprint it<br/>Then the PDF shows REPRINT n and an audit entry is written</p>","1","MSI-ProdTrack\Sprint 6","MSI-ProdTrack","traveler;audit;sprint-6;mvp"
"","Epic","E06: Shop Floor Execution","","","<p>Tablet PWA for operators to scan, start, pause, complete operations and log scrap.</p>","","","MSI-ProdTrack","MSI-ProdTrack","epic"
"","Feature","","F06.1: PWA shell and scanning","","<p>Feature of epic E06.</p>","","","MSI-ProdTrack","MSI-ProdTrack","feature"
"","User Story","","","PT-027: Installable shop-floor PWA shell with station selection","<p><b>PT-027</b> - As an <b>operator</b>, I want an installable tablet app with large touch targets where I pick my station, so that I see only my station&#x27;s work.</p><p>Source: docs/05-backlog.md</p>","<p><b>Scenario: Install</b><br/>Given Chrome or Edge on an Android or Windows tablet<br/>When I open the ShopFloor URL<br/>Then I am offered Install app and it launches full screen</p><p><b>Scenario: Station</b><br/>Given I am signed in<br/>When I select or scan station PRINT-01<br/>Then the choice is remembered on this device</p>","3","MSI-ProdTrack\Sprint 3","MSI-ProdTrack","shopfloor;pwa;sprint-3;mvp"
"","User Story","","","PT-028: Scan QR/barcode via hardware scanner or camera","<p><b>PT-028</b> - As an <b>operator</b>, I want to scan traveler codes with a USB/Bluetooth scanner or the tablet camera, so that I never type work order numbers.</p><p>Source: docs/05-backlog.md</p>","<p><b>Scenario: Hardware scanner</b><br/>Given the scan box has focus<br/>When a keyboard-wedge scanner sends OP:WO-2026-000123:20 plus Enter<br/>Then the operation is looked up and shown within 1 second</p><p><b>Scenario: Camera</b><br/>Given I tap Scan with camera<br/>When I point at a traveler QR<br/>Then the code is decoded and handled the same way</p><p><b>Scenario: Bad code</b><br/>Given I scan an unknown code<br/>When it is processed<br/>Then I see a clear red message and hear an error tone</p>","5","MSI-ProdTrack\Sprint 3","MSI-ProdTrack","shopfloor;scanning;sprint-3;mvp"
"","User Story","","","PT-029: Set up Playwright E2E project with first smoke test","<p><b>PT-029</b> - As a <b>developer</b>, I want a Playwright test project that signs in with a test user and loads the dashboard and shop-floor home, so that UI regressions are caught early.</p><p>Source: docs/05-backlog.md</p>","<p><b>Scenario: Local run</b><br/>Given the app runs locally<br/>When I run dotnet test on ProdTrack.E2E.Tests<br/>Then the smoke tests pass headless</p><p><b>Scenario: CI workflow</b><br/>Given the ci workflow starts the app on ubuntu-latest against a SQL Server service container<br/>When the e2e job runs<br/>Then results and Playwright traces are uploaded as artifacts on failure</p>","3","MSI-ProdTrack\Sprint 3","MSI-ProdTrack","testing;e2e;sprint-3;mvp"
"","Feature","","F06.2: Operation tracking","","<p>Feature of epic E06.</p>","","","MSI-ProdTrack","MSI-ProdTrack","feature"
"","User Story","","","PT-030: Station queue","<p><b>PT-030</b> - As an <b>operator</b>, I want to see Ready and In Progress operations for my station ordered by priority and due date, so that I know what to work on next.</p><p>Source: docs/05-backlog.md</p>","<p><b>Scenario: Queue</b><br/>Given 3 operations are Ready at PRINT-01<br/>When I open the queue<br/>Then they are listed with WO number, product, qty, due date and priority; late jobs are highlighted</p><p><b>Scenario: Live</b><br/>Given a planner releases a new work order routed to PRINT-01<br/>When I am on the queue screen<br/>Then the new operation appears without refresh</p>","3","MSI-ProdTrack\Sprint 4","MSI-ProdTrack","shopfloor;sprint-4;mvp"
"","User Story","","","PT-031: Start an operation by scanning","<p><b>PT-031</b> - As an <b>operator</b>, I want to start an operation by scanning its traveler code, so that actual start time and operator are recorded.</p><p>Source: docs/05-backlog.md</p>","<p><b>Scenario: Start</b><br/>Given a Ready operation at my station<br/>When I scan it and tap Start<br/>Then status is In Progress with my user ID and server UTC time, and the work order becomes In Progress</p><p><b>Scenario: Wrong station</b><br/>Given the operation belongs to LAM-01<br/>When I scan it at PRINT-01<br/>Then I am told the correct station and cannot start it</p><p><b>Scenario: Previous step</b><br/>Given the previous operation is not complete<br/>When I try to start<br/>Then I am blocked unless a Supervisor has allowed overlap for this routing step</p><p><b>Scenario: On hold</b><br/>Given the work order is On Hold<br/>When I scan it<br/>Then Start is disabled and the hold reason is shown</p>","3","MSI-ProdTrack\Sprint 4","MSI-ProdTrack","shopfloor;execution;sprint-4;mvp"
"","User Story","","","PT-032: Pause and resume an operation with reason","<p><b>PT-032</b> - As an <b>operator</b>, I want to pause an operation with a reason (break, material wait, machine issue) and resume it, so that time tracking is accurate.</p><p>Source: docs/05-backlog.md</p>","<p><b>Scenario: Pause</b><br/>Given an In Progress operation<br/>When I tap Pause and choose Material wait<br/>Then status is Paused and a pause event with reason is stored</p><p><b>Scenario: Resume</b><br/>Given a Paused operation<br/>When I tap Resume<br/>Then status returns to In Progress and paused time is excluded from run time</p>","2","MSI-ProdTrack\Sprint 4","MSI-ProdTrack","shopfloor;execution;sprint-4;mvp"
"","User Story","","","PT-033: Complete an operation with good quantity","<p><b>PT-033</b> - As an <b>operator</b>, I want to complete an operation by entering good quantity, so that the next station can start.</p><p>Source: docs/05-backlog.md</p>","<p><b>Scenario: Complete</b><br/>Given an In Progress operation for 100 units<br/>When I enter good qty 98 and scrap 2 was logged<br/>Then status is Completed and the next operation becomes Ready with input qty 98</p><p><b>Scenario: Qty check</b><br/>Given good plus scrap is more than input qty<br/>When I complete<br/>Then I see a validation error</p><p><b>Scenario: Last step</b><br/>Given I complete the last operation<br/>When it saves<br/>Then the work order becomes Completed</p>","3","MSI-ProdTrack\Sprint 4","MSI-ProdTrack","shopfloor;execution;sprint-4;mvp"
"","Feature","","F06.3: Scrap","","<p>Feature of epic E06.</p>","","","MSI-ProdTrack","MSI-ProdTrack","feature"
"","User Story","","","PT-034: Log scrap with reason code","<p><b>PT-034</b> - As an <b>operator</b>, I want to log scrapped units with a reason code and optional note/photo, so that scrap is measured and root causes found.</p><p>Source: docs/05-backlog.md</p>","<p><b>Scenario: Log scrap</b><br/>Given an In Progress operation<br/>When I log 2 units with reason MISPRINT<br/>Then a scrap record is saved and the dashboard scrap rate updates</p><p><b>Scenario: Reason required</b><br/>Given I log scrap<br/>When no reason is chosen<br/>Then Save is disabled</p>","3","MSI-ProdTrack\Sprint 4","MSI-ProdTrack","shopfloor;quality;scrap;sprint-4;mvp"
"","Epic","E07: Quality Control","","","<p>Checklists and inspection results with hold/rework on failure.</p>","","","MSI-ProdTrack","MSI-ProdTrack","epic"
"","Feature","","F07.1: Inspections","","<p>Feature of epic E07.</p>","","","MSI-ProdTrack","MSI-ProdTrack","feature"
"","User Story","","","PT-035: QC checklist templates per product type","<p><b>PT-035</b> - As a <b>QC inspector</b>, I want checklist templates (for example legend spelling, color scheme vs spec, dimensions, adhesion, engraving depth), so that inspections are consistent.</p><p>Source: docs/05-backlog.md</p>","<p><b>Scenario: Template</b><br/>Given I am QC<br/>When I create a Pipe Marker checklist with 5 items, some requiring a measured value with tolerance<br/>Then it is used for new QC operations of that product type</p>","3","MSI-ProdTrack\Sprint 5","MSI-ProdTrack","quality;sprint-5;mvp"
"","User Story","","","PT-036: Record QC inspection result","<p><b>PT-036</b> - As a <b>QC inspector</b>, I want to record pass/fail per checklist item, sample size and measurements at the QC station, so that quality evidence is stored with the job.</p><p>Source: docs/05-backlog.md</p>","<p><b>Scenario: Pass</b><br/>Given a QC operation is In Progress<br/>When all items pass and I submit<br/>Then the inspection is Passed, the QC operation completes and packing becomes Ready</p><p><b>Scenario: Out of tolerance</b><br/>Given a measured item outside tolerance<br/>When I enter the value<br/>Then the item is automatically marked Fail</p>","5","MSI-ProdTrack\Sprint 5","MSI-ProdTrack","quality;shopfloor;sprint-5;mvp"
"","User Story","","","PT-037: Failed QC puts work order on hold or creates rework","<p><b>PT-037</b> - As a <b>QC inspector</b>, I want a failed inspection to either hold the work order or send it back to a chosen station for rework, so that defective product never ships.</p><p>Source: docs/05-backlog.md</p>","<p><b>Scenario: Fail with rework</b><br/>Given an inspection fails<br/>When I choose Rework at PRINT-01 for 10 units<br/>Then a rework operation is added at PRINT-01 and a new QC operation follows it</p><p><b>Scenario: Fail with hold</b><br/>Given an inspection fails<br/>When I choose Hold<br/>Then the work order is On Hold with reason QC failed and supervisors are notified on the dashboard</p>","3","MSI-ProdTrack\Sprint 5","MSI-ProdTrack","quality;sprint-5;mvp"
"","Epic","E08: Materials and Inventory Basics","","","<p>Track stock of key materials and consumption per work order.</p>","","","MSI-ProdTrack","MSI-ProdTrack","epic"
"","Feature","","F08.1: Materials","","<p>Feature of epic E08.</p>","","","MSI-ProdTrack","MSI-ProdTrack","feature"
"","User Story","","","PT-038: Manage materials and stock levels","<p><b>PT-038</b> - As a <b>planner</b>, I want a list of materials (vinyl roll, polyester, aluminum blank, stainless blank, laminate, ink) with unit of measure, on-hand qty and reorder point, so that I know what is available.</p><p>Source: docs/05-backlog.md</p>","<p><b>Scenario: Create</b><br/>Given I am a Planner<br/>When I add material VINYL-WHT-24 in square meters with reorder point 50<br/>Then it appears in the material list with on-hand 0</p>","3","MSI-ProdTrack\Sprint 4","MSI-ProdTrack","inventory;sprint-4;mvp"
"","User Story","","","PT-039: Receive and adjust stock","<p><b>PT-039</b> - As a <b>planner</b>, I want to record receipts and adjustments with a reason, so that on-hand quantities stay accurate.</p><p>Source: docs/05-backlog.md</p>","<p><b>Scenario: Receipt</b><br/>Given VINYL-WHT-24 has 10 on hand<br/>When I receive 100<br/>Then on-hand is 110 and a stock transaction is stored</p><p><b>Scenario: Negative block</b><br/>Given on-hand is 5<br/>When I adjust -10<br/>Then I see an error unless I am Admin</p>","2","MSI-ProdTrack\Sprint 4","MSI-ProdTrack","inventory;sprint-4;mvp"
"","User Story","","","PT-040: Record material consumption on operations","<p><b>PT-040</b> - As an <b>operator</b>, I want materials to be consumed automatically from the bill of materials when I complete an operation, with an option to adjust, so that work order material cost and stock are accurate.</p><p>Source: docs/05-backlog.md</p>","<p><b>Scenario: Backflush</b><br/>Given a product BOM says 0.05 m2 vinyl per unit at Printing<br/>When I complete Printing with 98 good and 2 scrap<br/>Then 5.0 m2 is consumed (good plus scrap) and on-hand is reduced</p><p><b>Scenario: Adjust</b><br/>Given the actual usage differs<br/>When I edit consumption before confirming<br/>Then the entered value is used and the difference is flagged</p>","3","MSI-ProdTrack\Sprint 4","MSI-ProdTrack","inventory;execution;sprint-4;mvp"
"","Epic","E09: Supervisor Dashboard and Reporting","","","<p>Live visibility of WIP, late jobs, throughput, scrap and OEE-lite.</p>","","","MSI-ProdTrack","MSI-ProdTrack","epic"
"","Feature","","F09.1: Live dashboard","","<p>Feature of epic E09.</p>","","","MSI-ProdTrack","MSI-ProdTrack","feature"
"","User Story","","","PT-041: Live WIP by station","<p><b>PT-041</b> - As a <b>supervisor</b>, I want a dashboard tile per station showing Ready, In Progress, Paused counts and units, so that I see bottlenecks as they happen.</p><p>Source: docs/05-backlog.md</p>","<p><b>Scenario: Live update</b><br/>Given the dashboard is open<br/>When an operator starts an operation<br/>Then the station tile updates within 2 seconds without page reload</p><p><b>Scenario: Reconnect</b><br/>Given the network drops<br/>When it comes back<br/>Then the dashboard reconnects and reloads current numbers</p>","5","MSI-ProdTrack\Sprint 5","MSI-ProdTrack","dashboard;signalr;sprint-5;mvp"
"","User Story","","","PT-072: Friendly reconnect and cold-start experience","<p><b>PT-072</b> - As an <b>operator</b>, I want clear, friendly messages and automatic recovery when the connection drops or the site is waking up, so that I am not confused when the free hosting sleeps after 30 minutes idle or the network blips.</p><p>Notes: MonsterASP free sleeps after 30 minutes without requests (cannot be changed on free). Do not add keep-alive pings to defeat it (fair use).</p><p>Source: docs/05-backlog.md</p>","<p><b>Scenario: Blazor reconnect</b><br/>Given a supervisor page is open and the server restarts or the app pool recycles<br/>When the circuit drops<br/>Then a branded reconnect overlay shows &#x27;Reconnecting...&#x27;, retries automatically with backoff, and reloads the page if the circuit cannot be resumed</p><p><b>Scenario: PWA reconnect</b><br/>Given a station screen is open<br/>When the SignalR connection drops<br/>Then a banner shows &#x27;Offline - retrying&#x27;, the connection is re-established automatically and the queue is re-fetched</p><p><b>Scenario: Cold start</b><br/>Given the site has been idle for more than 30 minutes<br/>When I open it<br/>Then a lightweight loading page appears within a few seconds and the app is usable without an error page</p>","3","MSI-ProdTrack\Sprint 5","MSI-ProdTrack","ux;signalr;blazor;hosting;sprint-5;mvp"
"","User Story","","","PT-042: Late and at-risk jobs list","<p><b>PT-042</b> - As a <b>supervisor</b>, I want a list of work orders that are late or at risk (remaining standard time exceeds time to due date), so that I can act before customers are let down.</p><p>Notes: At-risk formula in docs/01 section 9.</p><p>Source: docs/05-backlog.md</p>","<p><b>Scenario: Late</b><br/>Given a work order due yesterday is not complete<br/>When I open the dashboard<br/>Then it is in the Late list with days late</p><p><b>Scenario: At risk</b><br/>Given remaining standard minutes exceed working minutes until due<br/>When I open the dashboard<br/>Then it is in the At risk list</p>","3","MSI-ProdTrack\Sprint 5","MSI-ProdTrack","dashboard;sprint-5;mvp"
"","User Story","","","PT-043: Throughput and scrap rate","<p><b>PT-043</b> - As a <b>supervisor</b>, I want today, this week and custom-range throughput (units completed) and scrap rate by station and reason, so that I can track KPIs.</p><p>Source: docs/05-backlog.md</p>","<p><b>Scenario: Scrap rate</b><br/>Given 100 good and 5 scrap units at PRINT-01 today<br/>When I view KPIs<br/>Then scrap rate for PRINT-01 today shows 4.8 percent (5 / 105)</p><p><b>Scenario: Pareto</b><br/>Given scrap from several reasons<br/>When I open the scrap chart<br/>Then reasons are sorted by quantity descending</p>","3","MSI-ProdTrack\Sprint 5","MSI-ProdTrack","dashboard;kpi;sprint-5;mvp"
"","User Story","","","PT-044: Work order timeline and history","<p><b>PT-044</b> - As a <b>supervisor</b>, I want a timeline of every event on a work order (release, starts, pauses, scrap, QC, completion), so that I can answer where is my order and what happened.</p><p>Source: docs/05-backlog.md</p>","<p><b>Scenario: Timeline</b><br/>Given a work order with activity<br/>When I open its detail page<br/>Then events are listed in time order with user, station and Manila local time</p>","3","MSI-ProdTrack\Sprint 6","MSI-ProdTrack","work-orders;audit;sprint-6;mvp"
"","Feature","","F09.2: Downtime and OEE-lite","","<p>Feature of epic E09.</p>","","","MSI-ProdTrack","MSI-ProdTrack","feature"
"","User Story","","","PT-045: Log station downtime","<p><b>PT-045</b> - As an <b>operator</b>, I want to record when my station is down and why, so that availability losses are visible.</p><p>Source: docs/05-backlog.md</p>","<p><b>Scenario: Start/stop</b><br/>Given my station is running<br/>When I tap Station down and choose reason Printer fault, later tap Station up<br/>Then a downtime event with duration is stored and the station tile shows Down in red meanwhile</p>","3","MSI-ProdTrack\Sprint 6","MSI-ProdTrack","shopfloor;oee;sprint-6;mvp"
"","User Story","","","PT-046: OEE-lite per station","<p><b>PT-046</b> - As a <b>supervisor</b>, I want an OEE-lite figure per station and shift (Availability x Performance x Quality), so that I can compare stations and see trend.</p><p>Notes: Formula and shift assumption in docs/01 section 9.</p><p>Source: docs/05-backlog.md</p>","<p><b>Scenario: Calculate</b><br/>Given planned time 480 min, downtime 48 min, standard minutes earned 345.6, good 95 of 100 units<br/>When I view OEE-lite<br/>Then Availability 90 percent, Performance 80 percent, Quality 95 percent, OEE-lite 68.4 percent</p><p><b>Scenario: Explain</b><br/>Given I hover the OEE value<br/>When the tooltip opens<br/>Then it shows the three factors and states that it is a simplified OEE</p>","5","MSI-ProdTrack\Sprint 6","MSI-ProdTrack","dashboard;kpi;oee;sprint-6;mvp"
"","Epic","E10: Audit and Compliance","","","<p>Who changed what and when, for traceability.</p>","","","MSI-ProdTrack","MSI-ProdTrack","epic"
"","Feature","","F10.1: Audit trail","","<p>Feature of epic E10.</p>","","","MSI-ProdTrack","MSI-ProdTrack","feature"
"","User Story","","","PT-047: Capture audit trail automatically","<p><b>PT-047</b> - As a <b>quality manager</b>, I want every create, update and delete on business entities to be recorded with user, time, old and new values, so that we have full traceability.</p><p>Notes: Use an EF Core SaveChanges interceptor.</p><p>Source: docs/05-backlog.md</p>","<p><b>Scenario: Update logged</b><br/>Given a Planner changes a work order due date<br/>When it is saved<br/>Then an audit entry holds entity, key, field changes (old to new), user and UTC time</p><p><b>Scenario: Immutable</b><br/>Given audit entries exist<br/>When anyone calls an update or delete on audit data<br/>Then no endpoint exists and the table grants insert/select only to the app identity</p>","3","MSI-ProdTrack\Sprint 1","MSI-ProdTrack","audit;security;sprint-1;mvp"
"","User Story","","","PT-048: Audit log viewer","<p><b>PT-048</b> - As an <b>admin</b>, I want to search the audit log by entity, user and date, so that I can investigate issues.</p><p>Source: docs/05-backlog.md</p>","<p><b>Scenario: Search</b><br/>Given audit entries exist<br/>When I filter entity WorkOrder and key WO-2026-000123<br/>Then I see its full change history, paged</p>","2","MSI-ProdTrack\Sprint 6","MSI-ProdTrack","audit;admin;sprint-6;mvp"
"","User Story","","","PT-049: Low-stock alert on dashboard","<p><b>PT-049</b> - As a <b>planner</b>, I want a dashboard alert when on-hand falls below reorder point, so that we reorder in time.</p><p>Source: docs/05-backlog.md</p>","<p><b>Scenario: Alert</b><br/>Given reorder point 50 and on-hand drops to 45<br/>When consumption is saved<br/>Then the Low stock widget lists the material in real time</p>","2","MSI-ProdTrack\Sprint 6","MSI-ProdTrack","inventory;dashboard;sprint-6;mvp"
"","Epic","E11: Release Readiness","","","<p>Non-functional hardening, documentation and MVP release.</p>","","","MSI-ProdTrack","MSI-ProdTrack","epic"
"","Feature","","F11.1: Hardening and release","","<p>Feature of epic E11.</p>","","","MSI-ProdTrack","MSI-ProdTrack","feature"
"","User Story","","","PT-050: E2E regression suite as a release gate","<p><b>PT-050</b> - As a <b>developer</b>, I want the main flows (order to work order, release, traveler, scan start/complete, QC, dashboard) covered by Playwright and required before prod, so that releases are safe.</p><p>Source: docs/05-backlog.md</p>","<p><b>Scenario: Gate</b><br/>Given the e2e job runs in the ci workflow against a throwaway database<br/>When E2E tests fail<br/>Then the deploy workflow refuses to deploy that commit (it requires a successful ci run)</p><p><b>Scenario: Post-deploy smoke</b><br/>Given Deploy_Prod finished<br/>When the read-only smoke subset runs against https://&lt;name&gt;.runasp.net<br/>Then sign-in page and health endpoint pass; no data is written to prod</p>","5","MSI-ProdTrack\Sprint 7","MSI-ProdTrack","testing;e2e;devops;sprint-7;mvp"
"","User Story","","","PT-051: Performance smoke test","<p><b>PT-051</b> - As a <b>developer</b>, I want a simple load test simulating 30 tablets and 5 dashboards, so that I know the free hosting is adequate.</p><p>Notes: Tool: k6 (free, runs locally). Keep the load small: the free plan has fair-use limits (docs/03).</p><p>Source: docs/05-backlog.md</p>","<p><b>Scenario: Targets</b><br/>Given the MonsterASP site (warm) and a local Release build<br/>When the load test runs for 10 minutes<br/>Then server-side p95 for scan/start/complete is under 500 ms, memory stays under the 256 MB limit, there are no errors, and the network round trip from the Philippines to the EU servers is recorded separately; results are attached to the sprint review</p>","2","MSI-ProdTrack\Sprint 7","MSI-ProdTrack","testing;performance;sprint-7;mvp"
"","User Story","","","PT-052: Security review and dependency scanning","<p><b>PT-052</b> - As a <b>developer</b>, I want dependency vulnerability checks and a basic OWASP review, so that known vulnerabilities are not shipped.</p><p>Source: docs/05-backlog.md</p>","<p><b>Scenario: Scan</b><br/>Given the ci workflow<br/>When it runs<br/>Then dotnet list package --vulnerable runs and fails the build on High or Critical findings</p>","3","MSI-ProdTrack\Sprint 7","MSI-ProdTrack","security;devops;sprint-7;mvp"
"","User Story","","","PT-068: Optional Google sign-in linked to existing users","<p><b>PT-068</b> - As a <b>plant employee</b>, I want to sign in with my Google account, so that I don&#x27;t need to remember another password.</p><p>Notes: Enabled by Auth:Google:Enabled. Consent screen in Testing status with listed test users (basic scopes only). No billing account is needed for an OAuth client.</p><p>Source: docs/05-backlog.md</p>","<p><b>Scenario: New OAuth client</b><br/>Given a new, billing-free Google Cloud project used only for this OAuth client (not find-an-agent)<br/>When I create a Web OAuth client with redirect URIs https://localhost:5001/signin-google and https://&lt;name&gt;.runasp.net/signin-google<br/>Then client ID and secret are stored in the server-only appsettings.Production.json and local user-secrets, never in the repo</p><p><b>Scenario: Linked user</b><br/>Given an Admin created my account with my Gmail address<br/>When I choose Sign in with Google<br/>Then the Google login is linked to my account and I get my Identity roles</p><p><b>Scenario: Unknown user</b><br/>Given no account exists for my Google email<br/>When I choose Sign in with Google<br/>Then access is denied with a message to contact an Admin and no user is created</p>","3","MSI-ProdTrack\Sprint 7","MSI-ProdTrack","security;auth;google;sprint-7;mvp"
"","User Story","","","PT-070: Manual release regression run (GitHub test-run checklist)","<p><b>PT-070</b> - As a <b>developer</b>, I want a manual regression checklist for the MVP demo script, executed once for the v1.0 release as a GitHub issue created from a test-run issue template, so that I have a traceable release sign-off without paid tools.</p><p>Notes: Azure Test Plans (paid after a 30-day trial) is covered in the Phase 2 Azure DevOps migration (PT-073, docs/04 section 13.1).</p><p>Source: docs/05-backlog.md</p>","<p><b>Scenario: Run executed</b><br/>Given the test-run issue template with one checkbox per test case<br/>When I run the checklist against the MonsterASP site<br/>Then every case is ticked or linked to a bug issue, and the release issue links the run</p><p><b>Scenario: Traceability</b><br/>Given a failed case<br/>When I create a bug<br/>Then the bug issue references the PT story and the test-run issue</p>","2","MSI-ProdTrack\Sprint 7","MSI-ProdTrack","testing;release;github;sprint-7;mvp"
"","User Story","","","PT-056: Portability check: provider contract tests and a Docker run","<p><b>PT-056</b> - As a <b>developer</b>, I want an IFileStorage/ISecretProvider contract test suite that the Local providers pass (and any future cloud provider must pass), plus a Docker image that runs the app locally, so that moving to an alternative host later is a configuration change, not a code change.</p><p>Source: docs/05-backlog.md</p>","<p><b>Scenario: Contract tests</b><br/>Given the IFileStorage contract test suite<br/>When it runs against the Local provider (and Azurite / fake GCS if an alternative is activated)<br/>Then all providers pass the same tests, including paths with spaces and files up to 20 MB</p><p><b>Scenario: Container</b><br/>Given docker compose up<br/>When I open http://localhost:8080<br/>Then the app works with Cloud:Provider=Local, proving the build is host-independent</p>","2","MSI-ProdTrack\Sprint 7","MSI-ProdTrack","portability;testing;docker;sprint-7;mvp"
"","User Story","","","PT-053: Finalize user guide and release notes for MVP","<p><b>PT-053</b> - As a <b>product owner</b>, I want the user guide updated with real screenshots and release notes for v1.0, so that plant staff can be trained.</p><p>Source: docs/05-backlog.md</p>","<p><b>Scenario: Docs</b><br/>Given the MVP is feature complete<br/>When I review docs/07-user-guide.md<br/>Then every placeholder screenshot is replaced and each role section matches the app</p>","2","MSI-ProdTrack\Sprint 7","MSI-ProdTrack","docs;sprint-7;mvp"
"","User Story","","","PT-054: MVP release to production","<p><b>PT-054</b> - As a <b>product owner</b>, I want v1.0 deployed to prod with seed master data and a tagged release, so that the MVP is live for demonstration.</p><p>Source: docs/05-backlog.md</p>","<p><b>Scenario: Release</b><br/>Given all MVP stories are Done<br/>When I run the deploy workflow for the release commit<br/>Then the app is live, a git tag v1.0.0 and a GitHub Release with notes exist and the runbook smoke checks pass</p>","3","MSI-ProdTrack\Sprint 7","MSI-ProdTrack","release;devops;sprint-7;mvp"
"","Epic","E12: Optional Alternative Hosting Targets (Azure, Google Cloud)","","","<p>Documented, switchable deploy targets for when a paid or student subscription exists, plus package publishing practice. Not needed for the zero-cost MVP.</p>","","","MSI-ProdTrack","MSI-ProdTrack","epic"
"","Feature","","F12.1: Alternative targets and packages","","<p>Feature of epic E12.</p>","","","MSI-ProdTrack","MSI-ProdTrack","feature"
"","User Story","","","PT-057: Azure alternative: Bicep for Container Apps or App Service","<p><b>PT-057</b> - As a <b>developer</b>, I want Bicep for an Azure Container Apps (consumption) or App Service B1 environment with an Azure SQL free-offer database and managed identity, so that the app can move to Azure (e.g. Azure for Students) with a custom domain when needed.</p><p>Notes: Blocked until an Azure subscription exists. Needs the Azure adapter project (Infrastructure.Azure).</p><p>Source: docs/05-backlog.md</p>","<p><b>Scenario: Deploy</b><br/>Given an Azure subscription (for example Azure for Students)<br/>When I deploy infra/azure/main.bicep with dev.bicepparam<br/>Then all resources are created without secrets in the templates and the SQL database uses the free offer with auto-pause</p><p><b>Scenario: Teardown</b><br/>Given I finish practising<br/>When I delete the resource group<br/>Then no billable resources remain</p>","5","MSI-ProdTrack\Sprint 8","MSI-ProdTrack","devops;iac;azure;bicep;optional;sprint-8"
"","User Story","","","PT-058: Deploy target parameter: monsterasp | azure | gcp","<p><b>PT-058</b> - As a <b>developer</b>, I want the deploy workflow input deployTarget with monsterasp as default and jobs for the alternatives, so that I can practise multi-target delivery from one workflow.</p><p>Notes: GCP template reuses the v0.2 design (Cloud Run, Terraform) kept in docs/03 appendix.</p><p>Source: docs/05-backlog.md</p>","<p><b>Scenario: Default</b><br/>Given I run the deploy workflow<br/>When no input is changed<br/>Then deployTarget defaults to monsterasp</p><p><b>Scenario: Alternative</b><br/>Given I run the workflow with deployTarget=azure (or gcp) and the target exists<br/>When it runs<br/>Then only the jobs for that target run (azure/login with OIDC federation, or google-github-actions/auth)</p>","5","MSI-ProdTrack\Sprint 8","MSI-ProdTrack","devops;cd;optional;sprint-8"
"","User Story","","","PT-071: Publish ProdTrack.Contracts as a NuGet package to GitHub Packages","<p><b>PT-071</b> - As a <b>developer</b>, I want the Contracts package published to GitHub Packages (NuGet) by a workflow on version tags, so that I practise package management and future clients (MAUI) can consume the contracts.</p><p>Notes: Azure Artifacts (2 GiB free) is the Phase 2 equivalent in docs/04 section 13.2.</p><p>Source: docs/05-backlog.md</p>","<p><b>Scenario: Publish</b><br/>Given a tag v1.1.0 on main<br/>When the publish workflow runs with GITHUB_TOKEN (packages: write)<br/>Then ProdTrack.Contracts 1.1.0 appears under the repo&#x27;s Packages and old versions are pruned to stay under the 500 MB free storage</p>","2","MSI-ProdTrack\Sprint 8","MSI-ProdTrack","devops;packages;optional;sprint-8"
"","Epic","E13: Phase 2 and Later (not scheduled)","","","<p>Ideas beyond the MVP; refine before scheduling.</p>","","","MSI-ProdTrack","MSI-ProdTrack","epic"
"","Feature","","F13.1: Phase 2 candidates","","<p>Feature of epic E13.</p>","","","MSI-ProdTrack","MSI-ProdTrack","feature"
"","User Story","","","PT-060: Shared-tablet kiosk mode with badge scan and PIN","<p><b>PT-060</b> - As an <b>operator</b>, I want to identify myself on a shared station tablet by scanning my badge and entering a PIN, so that operators don&#x27;t need a personal password sign-in on every shared tablet.</p><p>Notes: Needs a security design review.</p><p>Source: docs/05-backlog.md</p>","<p><b>Scenario: Badge login</b><br/>Given a tablet in kiosk mode signed in as a station device identity<br/>When I scan my badge and enter my PIN<br/>Then my actions are recorded under my user for 10 minutes of inactivity</p>","8","MSI-ProdTrack","MSI-ProdTrack","phase-2;shopfloor;security"
"","User Story","","","PT-061: Offline queue for scans when Wi-Fi drops","<p><b>PT-061</b> - As an <b>operator</b>, I want scans and completions to be queued locally and synced when the connection returns, so that work is not blocked by Wi-Fi gaps.</p><p>Source: docs/05-backlog.md</p>","<p><b>Scenario: Queue</b><br/>Given the tablet is offline<br/>When I complete an operation<br/>Then it is stored locally, marked Pending sync and sent in order when back online; conflicts are shown to a supervisor</p>","8","MSI-ProdTrack","MSI-ProdTrack","phase-2;shopfloor;pwa"
"","User Story","","","PT-062: .NET MAUI mobile app for supervisors","<p><b>PT-062</b> - As a <b>supervisor</b>, I want a native mobile app with dashboard and push notifications, so that I can follow the floor when away from a PC.</p><p>Source: docs/05-backlog.md</p>","<p><b>Scenario: Dashboard</b><br/>Given I open the MAUI app<br/>When I sign in<br/>Then I see the same KPIs as the web dashboard, reusing the Razor class library via Blazor Hybrid</p>","13","MSI-ProdTrack","MSI-ProdTrack","phase-2;mobile;maui"
"","User Story","","","PT-063: Print labels and travelers directly to industrial label printers","<p><b>PT-063</b> - As a <b>planner</b>, I want to send traveler labels to a thermal label printer (for example ZPL), so that we avoid manual printing steps.</p><p>Notes: Printer models to be confirmed.</p><p>Source: docs/05-backlog.md</p>","<p><b>Scenario: Print</b><br/>Given a configured printer<br/>When I click Print label<br/>Then the job is sent and its status recorded</p>","8","MSI-ProdTrack","MSI-ProdTrack","phase-2;printing"
"","User Story","","","PT-064: Import sales orders from CSV or an ERP API","<p><b>PT-064</b> - As a <b>planner</b>, I want to import orders instead of typing them, so that data entry errors drop.</p><p>Notes: No assumption is made about MSI&#x27;s real ERP.</p><p>Source: docs/05-backlog.md</p>","<p><b>Scenario: Import</b><br/>Given a CSV in the documented format<br/>When I upload it<br/>Then valid rows become orders and invalid rows are listed with errors</p>","8","MSI-ProdTrack","MSI-ProdTrack","phase-2;integration"
"","User Story","","","PT-065: Shift calendar and capacity view","<p><b>PT-065</b> - As a <b>planner</b>, I want shift calendars per station and a capacity load chart, so that I can plan realistically and OEE uses real planned time.</p><p>Source: docs/05-backlog.md</p>","<p><b>Scenario: Load chart</b><br/>Given shifts and released work<br/>When I open capacity<br/>Then I see load vs capacity per station per day</p>","8","MSI-ProdTrack","MSI-ProdTrack","phase-2;planning"
"","User Story","","","PT-066: Email/Teams notifications for holds and late jobs (needs paid hosting or external mail service)","<p><b>PT-066</b> - As a <b>supervisor</b>, I want notifications when a work order goes on hold or becomes late, so that I react quickly.</p><p>Source: docs/05-backlog.md</p>","<p><b>Scenario: Notify</b><br/>Given a work order goes on hold<br/>When the event is raised<br/>Then subscribed supervisors get a notification with a link</p>","5","MSI-ProdTrack","MSI-ProdTrack","phase-2;notifications"
"","User Story","","","PT-069: Microsoft Entra ID sign-in as an alternative auth mode","<p><b>PT-069</b> - As an <b>IT administrator</b>, I want users to sign in with Microsoft Entra ID and get roles from app roles when Auth:Mode=Entra, so that a Microsoft-centric plant can manage access centrally.</p><p>Notes: Needs an Entra tenant that allows app registrations; whether Deo&#x27;s Azure DevOps/Microsoft account directory allows this without a subscription is an open question in docs/00.</p><p>Source: docs/05-backlog.md</p>","<p><b>Scenario: Entra mode</b><br/>Given an app registration with app roles in an Entra tenant<br/>When Auth:Mode=Entra and I sign in<br/>Then my app role maps to the same policies as Identity roles and the rest of the app is unchanged</p>","5","MSI-ProdTrack","MSI-ProdTrack","phase-2;security;auth;entra"
"","User Story","","","PT-073: Migrate or mirror to Azure DevOps (Boards, Repos, Pipelines on a self-hosted agent)","<p><b>PT-073</b> - As a <b>developer</b>, I want the project mirrored or moved to Azure DevOps: backlog imported from backlog.csv, repo mirrored from GitHub, YAML pipelines running on a self-hosted agent and deploying to MonsterASP, optional Test Plans trial, so that I practise Azure DevOps hands-on for interviews while GitHub stays the day-to-day tool.</p><p>Notes: Full plan in docs/04 (Phase 2) and labs in docs/10.</p><p>Source: docs/05-backlog.md</p>","<p><b>Scenario: Boards</b><br/>Given an Azure DevOps project with the Scrum process and iterations Sprint 0-8<br/>When I import backlog.csv<br/>Then epics, features and PBIs appear with parent links and Effort</p><p><b>Scenario: Pipelines</b><br/>Given a self-hosted agent in the Default pool (the Microsoft-hosted free grant needs an Azure subscription with billing)<br/>When I run azure-pipelines.yml<br/>Then Build_Test and Deploy_Prod (with environment approval) succeed against the same MonsterASP site</p><p><b>Scenario: Single deployer</b><br/>Given both GitHub Actions and Azure Pipelines can deploy<br/>When I switch<br/>Then only one system holds the deploy secrets at a time, to avoid conflicting deployments</p>","8","MSI-ProdTrack","MSI-ProdTrack","phase-2;azure-devops;devops"
